perm,selected_snps
1,16:72045758:C:T_T;16:72072066:T:C_C;16:72080103:C:T_T;16:72110275:T:C_C;16:72122767:T:G_G;16:72116024:C:T_T;16:72044144:C:T_T;16:72098230:C:T_T;16:72171122:GA:G_G;16:72147654:C:T_T;16:72185857:C:A_A;16:72193499:T:C_C;16:71967622:G:C_C;16:71969178:G:T_T;16:72120610:C:T_T;16:72108139:G:T_T;16:72121338:T:C_C;16:72018449:A:G_G;16:71984961:G:C_C;16:71982620:G:A_A
2,16:72045758:C:T_T;16:72072066:T:C_C;16:72080103:C:T_T;16:72110275:T:C_C;16:72122767:T:G_G;16:72116024:C:T_T;16:72044144:C:T_T;16:72098230:C:T_T;16:72171122:GA:G_G;16:72147654:C:T_T;16:72185857:C:A_A;16:72193499:T:C_C;16:71967622:G:C_C;16:71969178:G:T_T;16:72120610:C:T_T;16:72012369:C:G_G;16:72011287:T:C_C;16:72121338:T:C_C;16:72159137:G:A_A;16:72119619:A:G_G
3,16:72045758:C:T_T;16:72072066:T:C_C;16:72080103:C:T_T;16:72122767:T:G_G;16:72116024:C:T_T;16:72098230:C:T_T;16:72171122:GA:G_G;16:72147654:C:T_T;16:72185857:C:A_A;16:71967622:G:C_C;16:71969178:G:T_T;16:72120610:C:T_T;16:71973333:G:A_A;16:72012369:C:G_G;16:72011287:T:C_C;16:72015900:A:T_T;16:72013387:G:A_A;16:72014733:A:G_G;16:72107038:G:A_A;16:72119619:A:G_G
4,16:72045758:C:T_T;16:72072066:T:C_C;16:72080103:C:T_T;16:72110275:T:C_C;16:72122767:T:G_G;16:72116024:C:T_T;16:72044144:C:T_T;16:72098230:C:T_T;16:72171122:GA:G_G;16:72147654:C:T_T;16:72185857:C:A_A;16:72193499:T:C_C;16:71967622:G:C_C;16:71969178:G:T_T;16:72120610:C:T_T;16:72108139:G:T_T;16:72018449:A:G_G;16:71993712:G:A_A;16:71984961:G:C_C;16:72119619:A:G_G
5,16:72045758:C:T_T;16:72072066:T:C_C;16:72080103:C:T_T;16:72110275:T:C_C;16:72122767:T:G_G;16:72116024:C:T_T;16:72044144:C:T_T;16:72098230:C:T_T;16:72171122:GA:G_G;16:72147654:C:T_T;16:72185857:C:A_A;16:72193499:T:C_C;16:71967622:G:C_C;16:71969178:G:T_T;16:72120610:C:T_T;16:72108139:G:T_T;16:72121338:T:C_C;16:72018449:A:G_G;16:72159137:G:A_A;16:72119619:A:G_G
6,16:72045758:C:T_T;16:72072066:T:C_C;16:72080103:C:T_T;16:72110275:T:C_C;16:72122767:T:G_G;16:72116024:C:T_T;16:72044144:C:T_T;16:72098230:C:T_T;16:72171122:GA:G_G;16:72147654:C:T_T;16:72185857:C:A_A;16:72193499:T:C_C;16:71967622:G:C_C;16:71969178:G:T_T;16:72120610:C:T_T;16:71973333:G:A_A;16:72012369:C:G_G;16:72011287:T:C_C;16:72018449:A:G_G;16:72119619:A:G_G
7,16:72045758:C:T_T;16:72072066:T:C_C;16:72080103:C:T_T;16:72110275:T:C_C;16:72122767:T:G_G;16:72116024:C:T_T;16:72044144:C:T_T;16:72098230:C:T_T;16:72171122:GA:G_G;16:72147654:C:T_T;16:72185857:C:A_A;16:72193499:T:C_C;16:71967622:G:C_C;16:71969178:G:T_T;16:72120610:C:T_T;16:71973333:G:A_A;16:72108139:G:T_T;16:72012369:C:G_G;16:72121338:T:C_C;16:72018449:A:G_G
8,16:72045758:C:T_T;16:72072066:T:C_C;16:72080103:C:T_T;16:72110275:T:C_C;16:72122767:T:G_G;16:72116024:C:T_T;16:72044144:C:T_T;16:72098230:C:T_T;16:72171122:GA:G_G;16:72147654:C:T_T;16:72185857:C:A_A;16:72193499:T:C_C;16:71967622:G:C_C;16:71969178:G:T_T;16:72120610:C:T_T;16:72012369:C:G_G;16:72011287:T:C_C;16:72013387:G:A_A;16:72014733:A:G_G;16:72119619:A:G_G
9,16:72045758:C:T_T;16:72072066:T:C_C;16:72080103:C:T_T;16:72110275:T:C_C;16:72122767:T:G_G;16:72116024:C:T_T;16:72044144:C:T_T;16:72171122:GA:G_G;16:72147654:C:T_T;16:72185857:C:A_A;16:72120610:C:T_T;16:72012369:C:G_G;16:72011287:T:C_C;16:72015900:A:T_T;16:72013387:G:A_A;16:72014733:A:G_G;16:72014433:T:C_C;16:72121338:T:C_C;16:72119619:A:G_G;16:72218853:A:G_G
10,16:72045758:C:T_T;16:72072066:T:C_C;16:72080103:C:T_T;16:72110275:T:C_C;16:72122767:T:G_G;16:72116024:C:T_T;16:72044144:C:T_T;16:72098230:C:T_T;16:72171122:GA:G_G;16:72147654:C:T_T;16:72185857:C:A_A;16:72193499:T:C_C;16:72120610:C:T_T;16:72012369:C:G_G;16:72011287:T:C_C;16:72013387:G:A_A;16:72014733:A:G_G;16:72121338:T:C_C;16:72018449:A:G_G;16:72119619:A:G_G
11,16:72045758:C:T_T;16:72072066:T:C_C;16:72080103:C:T_T;16:72110275:T:C_C;16:72122767:T:G_G;16:72116024:C:T_T;16:72044144:C:T_T;16:72098230:C:T_T;16:72171122:GA:G_G;16:71967622:G:C_C;16:71969178:G:T_T;16:72120610:C:T_T;16:72012369:C:G_G;16:72011287:T:C_C;16:72015900:A:T_T;16:72013387:G:A_A;16:72014733:A:G_G;16:72014433:T:C_C;16:72121338:T:C_C;16:72119619:A:G_G
12,16:72045758:C:T_T;16:72072066:T:C_C;16:72080103:C:T_T;16:72110275:T:C_C;16:72122767:T:G_G;16:72116024:C:T_T;16:72044144:C:T_T;16:72098230:C:T_T;16:72171122:GA:G_G;16:72147654:C:T_T;16:72185857:C:A_A;16:72193499:T:C_C;16:71967622:G:C_C;16:71969178:G:T_T;16:72120610:C:T_T;16:72012369:C:G_G;16:72011287:T:C_C;16:72018449:A:G_G;16:71993712:G:A_A;16:72119619:A:G_G
13,16:72045758:C:T_T;16:72072066:T:C_C;16:72080103:C:T_T;16:72110275:T:C_C;16:72122767:T:G_G;16:72116024:C:T_T;16:72171122:GA:G_G;16:72185857:C:A_A;16:71967622:G:C_C;16:71969178:G:T_T;16:72120610:C:T_T;16:71973333:G:A_A;16:72012369:C:G_G;16:72011287:T:C_C;16:72015900:A:T_T;16:72013387:G:A_A;16:72014733:A:G_G;16:72018449:A:G_G;16:72107038:G:A_A;16:72203057:G:A_A
14,16:72045758:C:T_T;16:72072066:T:C_C;16:72080103:C:T_T;16:72110275:T:C_C;16:72122767:T:G_G;16:72116024:C:T_T;16:72044144:C:T_T;16:72098230:C:T_T;16:72171122:GA:G_G;16:72147654:C:T_T;16:72185857:C:A_A;16:72193499:T:C_C;16:72120610:C:T_T;16:72012369:C:G_G;16:72011287:T:C_C;16:72015900:A:T_T;16:72013387:G:A_A;16:72014733:A:G_G;16:72014433:T:C_C;16:72018449:A:G_G
15,16:72045758:C:T_T;16:72072066:T:C_C;16:72080103:C:T_T;16:72110275:T:C_C;16:72122767:T:G_G;16:72116024:C:T_T;16:72044144:C:T_T;16:72098230:C:T_T;16:72171122:GA:G_G;16:72147654:C:T_T;16:72185857:C:A_A;16:72193499:T:C_C;16:71967622:G:C_C;16:71969178:G:T_T;16:72120610:C:T_T;16:72012369:C:G_G;16:72011287:T:C_C;16:72121338:T:C_C;16:72018449:A:G_G;16:72159137:G:A_A
16,16:72045758:C:T_T;16:72072066:T:C_C;16:72080103:C:T_T;16:72110275:T:C_C;16:72122767:T:G_G;16:72116024:C:T_T;16:72044144:C:T_T;16:72098230:C:T_T;16:72171122:GA:G_G;16:72147654:C:T_T;16:72185857:C:A_A;16:72193499:T:C_C;16:71967622:G:C_C;16:71969178:G:T_T;16:72120610:C:T_T;16:72012369:C:G_G;16:72011287:T:C_C;16:72013387:G:A_A;16:72014733:A:G_G;16:72119619:A:G_G
17,16:72045758:C:T_T;16:72072066:T:C_C;16:72080103:C:T_T;16:72110275:T:C_C;16:72122767:T:G_G;16:72116024:C:T_T;16:72044144:C:T_T;16:72098230:C:T_T;16:72171122:GA:G_G;16:72147654:C:T_T;16:72185857:C:A_A;16:71967622:G:C_C;16:71969178:G:T_T;16:72120610:C:T_T;16:72012369:C:G_G;16:72011287:T:C_C;16:72015900:A:T_T;16:72013387:G:A_A;16:72014733:A:G_G;16:72014433:T:C_C
18,16:72045758:C:T_T;16:72072066:T:C_C;16:72080103:C:T_T;16:72110275:T:C_C;16:72122767:T:G_G;16:72116024:C:T_T;16:72044144:C:T_T;16:72098230:C:T_T;16:72171122:GA:G_G;16:72147654:C:T_T;16:72185857:C:A_A;16:72193499:T:C_C;16:71967622:G:C_C;16:71969178:G:T_T;16:72120610:C:T_T;16:71973333:G:A_A;16:72012369:C:G_G;16:72011287:T:C_C;16:72107038:G:A_A;16:72119619:A:G_G
19,16:72045758:C:T_T;16:72072066:T:C_C;16:72080103:C:T_T;16:72110275:T:C_C;16:72122767:T:G_G;16:72116024:C:T_T;16:72044144:C:T_T;16:72098230:C:T_T;16:72147654:C:T_T;16:72185857:C:A_A;16:71967622:G:C_C;16:71969178:G:T_T;16:72120610:C:T_T;16:71973333:G:A_A;16:72012369:C:G_G;16:72013387:G:A_A;16:72014733:A:G_G;16:72121338:T:C_C;16:72107038:G:A_A;16:72218853:A:G_G
20,16:72045758:C:T_T;16:72072066:T:C_C;16:72080103:C:T_T;16:72110275:T:C_C;16:72122767:T:G_G;16:72116024:C:T_T;16:72044144:C:T_T;16:72098230:C:T_T;16:72171122:GA:G_G;16:72147654:C:T_T;16:72185857:C:A_A;16:72193499:T:C_C;16:71967622:G:C_C;16:71969178:G:T_T;16:72120610:C:T_T;16:72108139:G:T_T;16:72121338:T:C_C;16:72018449:A:G_G;16:72159137:G:A_A;16:72218853:A:G_G
21,16:72045758:C:T_T;16:72072066:T:C_C;16:72080103:C:T_T;16:72110275:T:C_C;16:72122767:T:G_G;16:72116024:C:T_T;16:72044144:C:T_T;16:72098230:C:T_T;16:72171122:GA:G_G;16:72147654:C:T_T;16:72185857:C:A_A;16:72193499:T:C_C;16:72108139:G:T_T;16:72107038:G:A_A;16:71993712:G:A_A;16:71984961:G:C_C;16:71982620:G:A_A;16:71994750:G:A_A;16:71988922:A:G_G;16:71969555:T:G_G
22,16:72045758:C:T_T;16:72072066:T:C_C;16:72080103:C:T_T;16:72110275:T:C_C;16:72122767:T:G_G;16:72116024:C:T_T;16:72044144:C:T_T;16:72098230:C:T_T;16:72171122:GA:G_G;16:72147654:C:T_T;16:72185857:C:A_A;16:72193499:T:C_C;16:71967622:G:C_C;16:71969178:G:T_T;16:72014733:A:G_G;16:72018449:A:G_G;16:72107038:G:A_A;16:72063928:C:T_T;16:72074194:G:A_A;16:72106654:G:A_A
23,16:72045758:C:T_T;16:72072066:T:C_C;16:72080103:C:T_T;16:72110275:T:C_C;16:72122767:T:G_G;16:72116024:C:T_T;16:72098230:C:T_T;16:72171122:GA:G_G;16:72147654:C:T_T;16:72185857:C:A_A;16:71967622:G:C_C;16:71969178:G:T_T;16:72120610:C:T_T;16:71973333:G:A_A;16:72012369:C:G_G;16:72011287:T:C_C;16:72015900:A:T_T;16:72013387:G:A_A;16:72014733:A:G_G;16:72018449:A:G_G
24,16:72045758:C:T_T;16:72072066:T:C_C;16:72080103:C:T_T;16:72110275:T:C_C;16:72122767:T:G_G;16:72116024:C:T_T;16:72044144:C:T_T;16:72147654:C:T_T;16:71967622:G:C_C;16:72120610:C:T_T;16:72012369:C:G_G;16:72011287:T:C_C;16:72015900:A:T_T;16:72013387:G:A_A;16:72014733:A:G_G;16:72014433:T:C_C;16:72121338:T:C_C;16:72159137:G:A_A;16:72119619:A:G_G;16:72218853:A:G_G
25,16:72045758:C:T_T;16:72072066:T:C_C;16:72080103:C:T_T;16:72122767:T:G_G;16:72116024:C:T_T;16:71967622:G:C_C;16:71969178:G:T_T;16:72120610:C:T_T;16:71973333:G:A_A;16:72012369:C:G_G;16:72011287:T:C_C;16:72015900:A:T_T;16:72013387:G:A_A;16:72014733:A:G_G;16:72014433:T:C_C;16:72121338:T:C_C;16:72119619:A:G_G;16:72010339:G:C_C;16:71928688:G:C_C;16:71927343:G:C_C
26,16:72045758:C:T_T;16:72072066:T:C_C;16:72080103:C:T_T;16:72110275:T:C_C;16:72122767:T:G_G;16:72116024:C:T_T;16:72044144:C:T_T;16:72098230:C:T_T;16:72171122:GA:G_G;16:72147654:C:T_T;16:72185857:C:A_A;16:72193499:T:C_C;16:71967622:G:C_C;16:71969178:G:T_T;16:72120610:C:T_T;16:72108139:G:T_T;16:72121338:T:C_C;16:72159137:G:A_A;16:71984961:G:C_C;16:72119619:A:G_G
27,16:72045758:C:T_T;16:72072066:T:C_C;16:72080103:C:T_T;16:72110275:T:C_C;16:72122767:T:G_G;16:72116024:C:T_T;16:72044144:C:T_T;16:72098230:C:T_T;16:72171122:GA:G_G;16:72147654:C:T_T;16:72185857:C:A_A;16:72193499:T:C_C;16:71967622:G:C_C;16:71969178:G:T_T;16:72120610:C:T_T;16:71973333:G:A_A;16:72012369:C:G_G;16:72107038:G:A_A;16:71928688:G:C_C;16:71927343:G:C_C
28,16:72045758:C:T_T;16:72072066:T:C_C;16:72080103:C:T_T;16:72110275:T:C_C;16:72122767:T:G_G;16:72116024:C:T_T;16:72044144:C:T_T;16:72171122:GA:G_G;16:72147654:C:T_T;16:72185857:C:A_A;16:71967622:G:C_C;16:71969178:G:T_T;16:72120610:C:T_T;16:72012369:C:G_G;16:72011287:T:C_C;16:72015900:A:T_T;16:72013387:G:A_A;16:72014733:A:G_G;16:72121338:T:C_C;16:72119619:A:G_G
29,16:72045758:C:T_T;16:72072066:T:C_C;16:72080103:C:T_T;16:72110275:T:C_C;16:72122767:T:G_G;16:72116024:C:T_T;16:71967622:G:C_C;16:71969178:G:T_T;16:72120610:C:T_T;16:71973333:G:A_A;16:72012369:C:G_G;16:72011287:T:C_C;16:72015900:A:T_T;16:72013387:G:A_A;16:72014733:A:G_G;16:72014433:T:C_C;16:72119619:A:G_G;16:72013271:T:C_C;16:71928688:G:C_C;16:71927343:G:C_C
30,16:72045758:C:T_T;16:72072066:T:C_C;16:72080103:C:T_T;16:72110275:T:C_C;16:72122767:T:G_G;16:72116024:C:T_T;16:72044144:C:T_T;16:72098230:C:T_T;16:72171122:GA:G_G;16:72147654:C:T_T;16:72185857:C:A_A;16:72193499:T:C_C;16:71967622:G:C_C;16:71969178:G:T_T;16:72120610:C:T_T;16:72012369:C:G_G;16:72011287:T:C_C;16:72014733:A:G_G;16:72107038:G:A_A;16:72119619:A:G_G
31,16:72045758:C:T_T;16:72072066:T:C_C;16:72080103:C:T_T;16:72110275:T:C_C;16:72122767:T:G_G;16:72116024:C:T_T;16:72044144:C:T_T;16:72098230:C:T_T;16:72171122:GA:G_G;16:72147654:C:T_T;16:72185857:C:A_A;16:72193499:T:C_C;16:71967622:G:C_C;16:71969178:G:T_T;16:72120610:C:T_T;16:72018449:A:G_G;16:71993712:G:A_A;16:71984961:G:C_C;16:72119619:A:G_G;16:71982620:G:A_A
32,16:72045758:C:T_T;16:72072066:T:C_C;16:72080103:C:T_T;16:72110275:T:C_C;16:72122767:T:G_G;16:72116024:C:T_T;16:72044144:C:T_T;16:72098230:C:T_T;16:72171122:GA:G_G;16:72147654:C:T_T;16:72185857:C:A_A;16:72193499:T:C_C;16:71967622:G:C_C;16:71969178:G:T_T;16:72120610:C:T_T;16:71973333:G:A_A;16:72108139:G:T_T;16:72121338:T:C_C;16:72107038:G:A_A;16:72159137:G:A_A
33,16:72045758:C:T_T;16:72072066:T:C_C;16:72080103:C:T_T;16:72110275:T:C_C;16:72122767:T:G_G;16:72116024:C:T_T;16:72044144:C:T_T;16:72098230:C:T_T;16:72171122:GA:G_G;16:72147654:C:T_T;16:72185857:C:A_A;16:72193499:T:C_C;16:72120610:C:T_T;16:72108139:G:T_T;16:72018449:A:G_G;16:71993712:G:A_A;16:71984961:G:C_C;16:72119619:A:G_G;16:71982620:G:A_A;16:71969555:T:G_G
34,16:72045758:C:T_T;16:72072066:T:C_C;16:72080103:C:T_T;16:72110275:T:C_C;16:72122767:T:G_G;16:72116024:C:T_T;16:72171122:GA:G_G;16:72147654:C:T_T;16:71967622:G:C_C;16:71969178:G:T_T;16:72120610:C:T_T;16:71973333:G:A_A;16:72012369:C:G_G;16:72011287:T:C_C;16:72015900:A:T_T;16:72013387:G:A_A;16:72014733:A:G_G;16:72119619:A:G_G;16:71928688:G:C_C;16:71927343:G:C_C
35,16:72045758:C:T_T;16:72072066:T:C_C;16:72080103:C:T_T;16:72110275:T:C_C;16:72122767:T:G_G;16:72116024:C:T_T;16:72044144:C:T_T;16:72098230:C:T_T;16:72147654:C:T_T;16:72185857:C:A_A;16:71967622:G:C_C;16:71969178:G:T_T;16:72120610:C:T_T;16:72012369:C:G_G;16:72011287:T:C_C;16:72015900:A:T_T;16:72013387:G:A_A;16:72014733:A:G_G;16:72121338:T:C_C;16:72119619:A:G_G
36,16:72045758:C:T_T;16:72072066:T:C_C;16:72080103:C:T_T;16:72110275:T:C_C;16:72122767:T:G_G;16:72116024:C:T_T;16:72044144:C:T_T;16:72098230:C:T_T;16:72171122:GA:G_G;16:72147654:C:T_T;16:72185857:C:A_A;16:72193499:T:C_C;16:71967622:G:C_C;16:71969178:G:T_T;16:72120610:C:T_T;16:71993712:G:A_A;16:71984961:G:C_C;16:71982620:G:A_A;16:71994750:G:A_A;16:71988922:A:G_G
37,16:72045758:C:T_T;16:72072066:T:C_C;16:72080103:C:T_T;16:72110275:T:C_C;16:72122767:T:G_G;16:72116024:C:T_T;16:72044144:C:T_T;16:72098230:C:T_T;16:72171122:GA:G_G;16:72147654:C:T_T;16:72185857:C:A_A;16:72193499:T:C_C;16:71967622:G:C_C;16:71969178:G:T_T;16:72120610:C:T_T;16:72108139:G:T_T;16:71993712:G:A_A;16:71984961:G:C_C;16:72119619:A:G_G;16:71982620:G:A_A
38,16:72045758:C:T_T;16:72072066:T:C_C;16:72080103:C:T_T;16:72110275:T:C_C;16:72122767:T:G_G;16:72116024:C:T_T;16:72044144:C:T_T;16:72098230:C:T_T;16:72171122:GA:G_G;16:72147654:C:T_T;16:72185857:C:A_A;16:72193499:T:C_C;16:71967622:G:C_C;16:71969178:G:T_T;16:72120610:C:T_T;16:71973333:G:A_A;16:72108139:G:T_T;16:72121338:T:C_C;16:72119619:A:G_G;16:71982620:G:A_A
39,16:72045758:C:T_T;16:72072066:T:C_C;16:72080103:C:T_T;16:72110275:T:C_C;16:72122767:T:G_G;16:72116024:C:T_T;16:72171122:GA:G_G;16:72147654:C:T_T;16:71967622:G:C_C;16:71969178:G:T_T;16:72120610:C:T_T;16:72012369:C:G_G;16:72011287:T:C_C;16:72015900:A:T_T;16:72013387:G:A_A;16:72014733:A:G_G;16:72014433:T:C_C;16:72121338:T:C_C;16:72107038:G:A_A;16:72119619:A:G_G
40,16:72045758:C:T_T;16:72072066:T:C_C;16:72080103:C:T_T;16:72110275:T:C_C;16:72122767:T:G_G;16:72116024:C:T_T;16:72171122:GA:G_G;16:72147654:C:T_T;16:72185857:C:A_A;16:71967622:G:C_C;16:71969178:G:T_T;16:72120610:C:T_T;16:72012369:C:G_G;16:72011287:T:C_C;16:72015900:A:T_T;16:72013387:G:A_A;16:72014733:A:G_G;16:72014433:T:C_C;16:72018449:A:G_G;16:72119619:A:G_G
41,16:72045758:C:T_T;16:72072066:T:C_C;16:72080103:C:T_T;16:72110275:T:C_C;16:72122767:T:G_G;16:72116024:C:T_T;16:72098230:C:T_T;16:72171122:GA:G_G;16:72147654:C:T_T;16:72185857:C:A_A;16:72193499:T:C_C;16:72120610:C:T_T;16:72012369:C:G_G;16:72011287:T:C_C;16:72015900:A:T_T;16:72013387:G:A_A;16:72014733:A:G_G;16:72121338:T:C_C;16:72018449:A:G_G;16:72119619:A:G_G
42,16:72045758:C:T_T;16:72072066:T:C_C;16:72080103:C:T_T;16:72110275:T:C_C;16:72122767:T:G_G;16:72116024:C:T_T;16:72044144:C:T_T;16:72171122:GA:G_G;16:72147654:C:T_T;16:72185857:C:A_A;16:71967622:G:C_C;16:71969178:G:T_T;16:71973333:G:A_A;16:72012369:C:G_G;16:72011287:T:C_C;16:72015900:A:T_T;16:72013387:G:A_A;16:72014733:A:G_G;16:72014433:T:C_C;16:72119619:A:G_G
43,16:72045758:C:T_T;16:72072066:T:C_C;16:72080103:C:T_T;16:72110275:T:C_C;16:72122767:T:G_G;16:72116024:C:T_T;16:72044144:C:T_T;16:72098230:C:T_T;16:72171122:GA:G_G;16:72147654:C:T_T;16:72185857:C:A_A;16:72193499:T:C_C;16:71967622:G:C_C;16:71969178:G:T_T;16:72120610:C:T_T;16:72108139:G:T_T;16:72012369:C:G_G;16:72121338:T:C_C;16:72159137:G:A_A;16:72119619:A:G_G
44,16:72045758:C:T_T;16:72072066:T:C_C;16:72080103:C:T_T;16:72110275:T:C_C;16:72122767:T:G_G;16:72116024:C:T_T;16:72044144:C:T_T;16:72098230:C:T_T;16:72171122:GA:G_G;16:72147654:C:T_T;16:72185857:C:A_A;16:72193499:T:C_C;16:72120610:C:T_T;16:72108139:G:T_T;16:71993712:G:A_A;16:71984961:G:C_C;16:71982620:G:A_A;16:71994750:G:A_A;16:71988922:A:G_G;16:71969555:T:G_G
45,16:72045758:C:T_T;16:72072066:T:C_C;16:72080103:C:T_T;16:72110275:T:C_C;16:72122767:T:G_G;16:72116024:C:T_T;16:72044144:C:T_T;16:72098230:C:T_T;16:72147654:C:T_T;16:71967622:G:C_C;16:72120610:C:T_T;16:72012369:C:G_G;16:72011287:T:C_C;16:72015900:A:T_T;16:72013387:G:A_A;16:72014733:A:G_G;16:72014433:T:C_C;16:72121338:T:C_C;16:72119619:A:G_G;16:72218853:A:G_G
46,16:72045758:C:T_T;16:72072066:T:C_C;16:72080103:C:T_T;16:72110275:T:C_C;16:72122767:T:G_G;16:72116024:C:T_T;16:72044144:C:T_T;16:72098230:C:T_T;16:72171122:GA:G_G;16:72147654:C:T_T;16:72185857:C:A_A;16:72193499:T:C_C;16:71967622:G:C_C;16:71969178:G:T_T;16:72120610:C:T_T;16:71973333:G:A_A;16:71993712:G:A_A;16:71984961:G:C_C;16:71982620:G:A_A;16:71988922:A:G_G
47,16:72045758:C:T_T;16:72072066:T:C_C;16:72080103:C:T_T;16:72110275:T:C_C;16:72122767:T:G_G;16:72116024:C:T_T;16:72044144:C:T_T;16:72098230:C:T_T;16:72171122:GA:G_G;16:72147654:C:T_T;16:72185857:C:A_A;16:72193499:T:C_C;16:71967622:G:C_C;16:71969178:G:T_T;16:72120610:C:T_T;16:71973333:G:A_A;16:72012369:C:G_G;16:72011287:T:C_C;16:72121338:T:C_C;16:72119619:A:G_G
48,16:72045758:C:T_T;16:72072066:T:C_C;16:72080103:C:T_T;16:72110275:T:C_C;16:72122767:T:G_G;16:72116024:C:T_T;16:72147654:C:T_T;16:71967622:G:C_C;16:71969178:G:T_T;16:72120610:C:T_T;16:71973333:G:A_A;16:72012369:C:G_G;16:72011287:T:C_C;16:72015900:A:T_T;16:72013387:G:A_A;16:72014733:A:G_G;16:72014433:T:C_C;16:72121338:T:C_C;16:72018449:A:G_G;16:72119619:A:G_G
49,16:72045758:C:T_T;16:72072066:T:C_C;16:72080103:C:T_T;16:72110275:T:C_C;16:72122767:T:G_G;16:72116024:C:T_T;16:72044144:C:T_T;16:72098230:C:T_T;16:72171122:GA:G_G;16:72147654:C:T_T;16:72185857:C:A_A;16:72193499:T:C_C;16:71967622:G:C_C;16:71969178:G:T_T;16:72120610:C:T_T;16:71973333:G:A_A;16:72108139:G:T_T;16:72018449:A:G_G;16:72119619:A:G_G;16:72006892:C:A_A
50,16:72045758:C:T_T;16:72072066:T:C_C;16:72080103:C:T_T;16:72110275:T:C_C;16:72122767:T:G_G;16:72116024:C:T_T;16:72044144:C:T_T;16:72171122:GA:G_G;16:72147654:C:T_T;16:71967622:G:C_C;16:71969178:G:T_T;16:72120610:C:T_T;16:72012369:C:G_G;16:72011287:T:C_C;16:72015900:A:T_T;16:72013387:G:A_A;16:72014733:A:G_G;16:72014433:T:C_C;16:72119619:A:G_G;16:72218853:A:G_G
51,16:72045758:C:T_T;16:72072066:T:C_C;16:72080103:C:T_T;16:72110275:T:C_C;16:72122767:T:G_G;16:72116024:C:T_T;16:72044144:C:T_T;16:72098230:C:T_T;16:72171122:GA:G_G;16:72147654:C:T_T;16:72185857:C:A_A;16:72193499:T:C_C;16:72120610:C:T_T;16:72012369:C:G_G;16:72011287:T:C_C;16:72121338:T:C_C;16:72018449:A:G_G;16:71984961:G:C_C;16:72119619:A:G_G;16:71982620:G:A_A
52,16:72045758:C:T_T;16:72072066:T:C_C;16:72080103:C:T_T;16:72110275:T:C_C;16:72122767:T:G_G;16:72116024:C:T_T;16:72171122:GA:G_G;16:72147654:C:T_T;16:72185857:C:A_A;16:71967622:G:C_C;16:71969178:G:T_T;16:72120610:C:T_T;16:72012369:C:G_G;16:72011287:T:C_C;16:72015900:A:T_T;16:72013387:G:A_A;16:72014733:A:G_G;16:72014433:T:C_C;16:72121338:T:C_C;16:72119619:A:G_G
53,16:72045758:C:T_T;16:72072066:T:C_C;16:72080103:C:T_T;16:72110275:T:C_C;16:72122767:T:G_G;16:72116024:C:T_T;16:72044144:C:T_T;16:72098230:C:T_T;16:72171122:GA:G_G;16:72147654:C:T_T;16:72185857:C:A_A;16:72193499:T:C_C;16:71967622:G:C_C;16:71969178:G:T_T;16:72120610:C:T_T;16:71984961:G:C_C;16:72119619:A:G_G;16:71982620:G:A_A;16:72009647:C:G_G;16:72008926:G:T_T
54,16:72045758:C:T_T;16:72072066:T:C_C;16:72080103:C:T_T;16:72110275:T:C_C;16:72122767:T:G_G;16:72116024:C:T_T;16:72044144:C:T_T;16:72098230:C:T_T;16:72171122:GA:G_G;16:72147654:C:T_T;16:72185857:C:A_A;16:72193499:T:C_C;16:71967622:G:C_C;16:71969178:G:T_T;16:72120610:C:T_T;16:71973333:G:A_A;16:72012369:C:G_G;16:72119619:A:G_G;16:71928688:G:C_C;16:71927343:G:C_C
55,16:72045758:C:T_T;16:72072066:T:C_C;16:72080103:C:T_T;16:72122767:T:G_G;16:72116024:C:T_T;16:72044144:C:T_T;16:72098230:C:T_T;16:72171122:GA:G_G;16:72147654:C:T_T;16:72185857:C:A_A;16:71967622:G:C_C;16:71969178:G:T_T;16:72120610:C:T_T;16:72012369:C:G_G;16:72011287:T:C_C;16:72015900:A:T_T;16:72013387:G:A_A;16:72014733:A:G_G;16:72014433:T:C_C;16:72121338:T:C_C
56,16:72045758:C:T_T;16:72072066:T:C_C;16:72080103:C:T_T;16:72110275:T:C_C;16:72122767:T:G_G;16:72116024:C:T_T;16:72044144:C:T_T;16:72098230:C:T_T;16:72171122:GA:G_G;16:72147654:C:T_T;16:72185857:C:A_A;16:72193499:T:C_C;16:71967622:G:C_C;16:71969178:G:T_T;16:72120610:C:T_T;16:71973333:G:A_A;16:72108139:G:T_T;16:72018449:A:G_G;16:72107038:G:A_A;16:72119619:A:G_G
57,16:72045758:C:T_T;16:72072066:T:C_C;16:72080103:C:T_T;16:72110275:T:C_C;16:72122767:T:G_G;16:72116024:C:T_T;16:72044144:C:T_T;16:72098230:C:T_T;16:72171122:GA:G_G;16:72147654:C:T_T;16:72185857:C:A_A;16:72193499:T:C_C;16:71969178:G:T_T;16:72120610:C:T_T;16:72108139:G:T_T;16:72159137:G:A_A;16:71993712:G:A_A;16:71984961:G:C_C;16:72119619:A:G_G;16:71982620:G:A_A
58,16:72045758:C:T_T;16:72072066:T:C_C;16:72080103:C:T_T;16:72110275:T:C_C;16:72122767:T:G_G;16:72116024:C:T_T;16:72044144:C:T_T;16:72098230:C:T_T;16:72171122:GA:G_G;16:72147654:C:T_T;16:72185857:C:A_A;16:72193499:T:C_C;16:71967622:G:C_C;16:71969178:G:T_T;16:72120610:C:T_T;16:71973333:G:A_A;16:72121338:T:C_C;16:72159137:G:A_A;16:72119619:A:G_G;16:72218853:A:G_G
59,16:72045758:C:T_T;16:72072066:T:C_C;16:72080103:C:T_T;16:72110275:T:C_C;16:72122767:T:G_G;16:72116024:C:T_T;16:72044144:C:T_T;16:72098230:C:T_T;16:72171122:GA:G_G;16:72147654:C:T_T;16:72185857:C:A_A;16:72193499:T:C_C;16:72120610:C:T_T;16:72012369:C:G_G;16:72011287:T:C_C;16:71993712:G:A_A;16:71984961:G:C_C;16:72119619:A:G_G;16:71982620:G:A_A;16:71988922:A:G_G
60,16:72045758:C:T_T;16:72072066:T:C_C;16:72080103:C:T_T;16:72110275:T:C_C;16:72122767:T:G_G;16:72116024:C:T_T;16:72044144:C:T_T;16:72098230:C:T_T;16:72171122:GA:G_G;16:72147654:C:T_T;16:72185857:C:A_A;16:72193499:T:C_C;16:71967622:G:C_C;16:71969178:G:T_T;16:72120610:C:T_T;16:72012369:C:G_G;16:72011287:T:C_C;16:72121338:T:C_C;16:72159137:G:A_A;16:72119619:A:G_G
61,16:72045758:C:T_T;16:72072066:T:C_C;16:72080103:C:T_T;16:72110275:T:C_C;16:72122767:T:G_G;16:72116024:C:T_T;16:72044144:C:T_T;16:72098230:C:T_T;16:72171122:GA:G_G;16:72147654:C:T_T;16:72185857:C:A_A;16:72193499:T:C_C;16:71967622:G:C_C;16:72120610:C:T_T;16:72121338:T:C_C;16:72018449:A:G_G;16:72107038:G:A_A;16:72159137:G:A_A;16:72119619:A:G_G;16:72218853:A:G_G
62,16:72045758:C:T_T;16:72072066:T:C_C;16:72080103:C:T_T;16:72110275:T:C_C;16:72122767:T:G_G;16:72116024:C:T_T;16:72044144:C:T_T;16:72171122:GA:G_G;16:72147654:C:T_T;16:72185857:C:A_A;16:71967622:G:C_C;16:71969178:G:T_T;16:72120610:C:T_T;16:72012369:C:G_G;16:72011287:T:C_C;16:72015900:A:T_T;16:72013387:G:A_A;16:72014733:A:G_G;16:72018449:A:G_G;16:72107038:G:A_A
63,16:72045758:C:T_T;16:72072066:T:C_C;16:72080103:C:T_T;16:72110275:T:C_C;16:72122767:T:G_G;16:72116024:C:T_T;16:72044144:C:T_T;16:72098230:C:T_T;16:72171122:GA:G_G;16:72147654:C:T_T;16:72185857:C:A_A;16:72193499:T:C_C;16:71967622:G:C_C;16:71969178:G:T_T;16:72120610:C:T_T;16:71973333:G:A_A;16:72013387:G:A_A;16:72014733:A:G_G;16:72121338:T:C_C;16:72119619:A:G_G
64,16:72045758:C:T_T;16:72072066:T:C_C;16:72080103:C:T_T;16:72110275:T:C_C;16:72122767:T:G_G;16:72116024:C:T_T;16:72147654:C:T_T;16:72185857:C:A_A;16:71967622:G:C_C;16:71969178:G:T_T;16:72120610:C:T_T;16:72012369:C:G_G;16:72011287:T:C_C;16:72015900:A:T_T;16:72013387:G:A_A;16:72014733:A:G_G;16:72014433:T:C_C;16:72018449:A:G_G;16:72119619:A:G_G;16:72013271:T:C_C
65,16:72045758:C:T_T;16:72072066:T:C_C;16:72080103:C:T_T;16:72110275:T:C_C;16:72122767:T:G_G;16:72116024:C:T_T;16:72044144:C:T_T;16:72098230:C:T_T;16:72171122:GA:G_G;16:72147654:C:T_T;16:72185857:C:A_A;16:72193499:T:C_C;16:71967622:G:C_C;16:72120610:C:T_T;16:71993712:G:A_A;16:71984961:G:C_C;16:71982620:G:A_A;16:71994750:G:A_A;16:71988922:A:G_G;16:71969555:T:G_G
66,16:72045758:C:T_T;16:72072066:T:C_C;16:72080103:C:T_T;16:72110275:T:C_C;16:72122767:T:G_G;16:72116024:C:T_T;16:72044144:C:T_T;16:72098230:C:T_T;16:72171122:GA:G_G;16:72147654:C:T_T;16:72185857:C:A_A;16:71967622:G:C_C;16:71969178:G:T_T;16:72120610:C:T_T;16:71973333:G:A_A;16:72012369:C:G_G;16:72011287:T:C_C;16:72121338:T:C_C;16:72018449:A:G_G;16:72119619:A:G_G
67,16:72045758:C:T_T;16:72072066:T:C_C;16:72080103:C:T_T;16:72110275:T:C_C;16:72122767:T:G_G;16:72116024:C:T_T;16:72044144:C:T_T;16:72098230:C:T_T;16:72171122:GA:G_G;16:72147654:C:T_T;16:72185857:C:A_A;16:72193499:T:C_C;16:71967622:G:C_C;16:71969178:G:T_T;16:72120610:C:T_T;16:72012369:C:G_G;16:72121338:T:C_C;16:72018449:A:G_G;16:72119619:A:G_G;16:72218853:A:G_G
68,16:72045758:C:T_T;16:72072066:T:C_C;16:72080103:C:T_T;16:72110275:T:C_C;16:72122767:T:G_G;16:72116024:C:T_T;16:72171122:GA:G_G;16:72147654:C:T_T;16:71967622:G:C_C;16:71969178:G:T_T;16:72120610:C:T_T;16:71973333:G:A_A;16:72012369:C:G_G;16:72011287:T:C_C;16:72015900:A:T_T;16:72013387:G:A_A;16:72014733:A:G_G;16:72018449:A:G_G;16:72107038:G:A_A;16:72119619:A:G_G
69,16:72045758:C:T_T;16:72072066:T:C_C;16:72080103:C:T_T;16:72110275:T:C_C;16:72122767:T:G_G;16:72116024:C:T_T;16:72044144:C:T_T;16:72098230:C:T_T;16:72171122:GA:G_G;16:72147654:C:T_T;16:72185857:C:A_A;16:72193499:T:C_C;16:71967622:G:C_C;16:71969178:G:T_T;16:72120610:C:T_T;16:71973333:G:A_A;16:72012369:C:G_G;16:72011287:T:C_C;16:72119619:A:G_G;16:72218853:A:G_G
70,16:72045758:C:T_T;16:72072066:T:C_C;16:72080103:C:T_T;16:72110275:T:C_C;16:72122767:T:G_G;16:72116024:C:T_T;16:72044144:C:T_T;16:72098230:C:T_T;16:72171122:GA:G_G;16:72147654:C:T_T;16:72185857:C:A_A;16:72193499:T:C_C;16:71967622:G:C_C;16:71969178:G:T_T;16:72120610:C:T_T;16:71973333:G:A_A;16:72108139:G:T_T;16:72012369:C:G_G;16:72018449:A:G_G;16:72119619:A:G_G
71,16:72045758:C:T_T;16:72072066:T:C_C;16:72080103:C:T_T;16:72122767:T:G_G;16:72116024:C:T_T;16:72147654:C:T_T;16:71967622:G:C_C;16:71969178:G:T_T;16:72120610:C:T_T;16:71973333:G:A_A;16:72012369:C:G_G;16:72011287:T:C_C;16:72015900:A:T_T;16:72013387:G:A_A;16:72014733:A:G_G;16:72014433:T:C_C;16:72121338:T:C_C;16:72119619:A:G_G;16:71928688:G:C_C;16:71927343:G:C_C
72,16:72045758:C:T_T;16:72072066:T:C_C;16:72080103:C:T_T;16:72110275:T:C_C;16:72122767:T:G_G;16:72116024:C:T_T;16:72044144:C:T_T;16:72098230:C:T_T;16:72171122:GA:G_G;16:72147654:C:T_T;16:72185857:C:A_A;16:72193499:T:C_C;16:71967622:G:C_C;16:71969178:G:T_T;16:72120610:C:T_T;16:72012369:C:G_G;16:72011287:T:C_C;16:72013387:G:A_A;16:72014733:A:G_G;16:72119619:A:G_G
73,16:72045758:C:T_T;16:72072066:T:C_C;16:72080103:C:T_T;16:72110275:T:C_C;16:72122767:T:G_G;16:72116024:C:T_T;16:72044144:C:T_T;16:72098230:C:T_T;16:72171122:GA:G_G;16:72147654:C:T_T;16:72185857:C:A_A;16:71967622:G:C_C;16:71969178:G:T_T;16:72120610:C:T_T;16:71973333:G:A_A;16:72121338:T:C_C;16:72159137:G:A_A;16:72119619:A:G_G;16:72218853:A:G_G;16:72211286:A:T_T
74,16:72045758:C:T_T;16:72072066:T:C_C;16:72080103:C:T_T;16:72110275:T:C_C;16:72122767:T:G_G;16:72116024:C:T_T;16:72098230:C:T_T;16:71967622:G:C_C;16:71969178:G:T_T;16:72120610:C:T_T;16:71973333:G:A_A;16:72012369:C:G_G;16:72011287:T:C_C;16:72015900:A:T_T;16:72013387:G:A_A;16:72014733:A:G_G;16:72014433:T:C_C;16:72119619:A:G_G;16:72010339:G:C_C;16:72013271:T:C_C
75,16:72045758:C:T_T;16:72072066:T:C_C;16:72080103:C:T_T;16:72110275:T:C_C;16:72122767:T:G_G;16:72116024:C:T_T;16:72044144:C:T_T;16:72098230:C:T_T;16:72171122:GA:G_G;16:72147654:C:T_T;16:72185857:C:A_A;16:72193499:T:C_C;16:72120610:C:T_T;16:72121338:T:C_C;16:72018449:A:G_G;16:72119619:A:G_G;16:72063928:C:T_T;16:72067626:C:G_G;16:72074194:G:A_A;16:72106654:G:A_A
76,16:72045758:C:T_T;16:72072066:T:C_C;16:72080103:C:T_T;16:72110275:T:C_C;16:72122767:T:G_G;16:72116024:C:T_T;16:72044144:C:T_T;16:72098230:C:T_T;16:72171122:GA:G_G;16:72147654:C:T_T;16:72185857:C:A_A;16:72193499:T:C_C;16:71967622:G:C_C;16:71969178:G:T_T;16:72120610:C:T_T;16:72108139:G:T_T;16:71993712:G:A_A;16:71984961:G:C_C;16:71982620:G:A_A;16:71988922:A:G_G
77,16:72045758:C:T_T;16:72072066:T:C_C;16:72080103:C:T_T;16:72110275:T:C_C;16:72122767:T:G_G;16:72116024:C:T_T;16:72044144:C:T_T;16:72098230:C:T_T;16:72171122:GA:G_G;16:72147654:C:T_T;16:72185857:C:A_A;16:72193499:T:C_C;16:71967622:G:C_C;16:71969178:G:T_T;16:72120610:C:T_T;16:71973333:G:A_A;16:72012369:C:G_G;16:72011287:T:C_C;16:72119619:A:G_G;16:72218853:A:G_G
78,16:72045758:C:T_T;16:72072066:T:C_C;16:72080103:C:T_T;16:72110275:T:C_C;16:72122767:T:G_G;16:72116024:C:T_T;16:72044144:C:T_T;16:72098230:C:T_T;16:72171122:GA:G_G;16:72147654:C:T_T;16:72185857:C:A_A;16:72193499:T:C_C;16:71967622:G:C_C;16:71969178:G:T_T;16:72120610:C:T_T;16:72012369:C:G_G;16:72011287:T:C_C;16:72013387:G:A_A;16:72014733:A:G_G;16:72018449:A:G_G
79,16:72045758:C:T_T;16:72072066:T:C_C;16:72080103:C:T_T;16:72110275:T:C_C;16:72122767:T:G_G;16:72116024:C:T_T;16:72044144:C:T_T;16:72098230:C:T_T;16:72171122:GA:G_G;16:72147654:C:T_T;16:72185857:C:A_A;16:71967622:G:C_C;16:72120610:C:T_T;16:72012369:C:G_G;16:72011287:T:C_C;16:72015900:A:T_T;16:72013387:G:A_A;16:72014733:A:G_G;16:72121338:T:C_C;16:72119619:A:G_G
80,16:72045758:C:T_T;16:72072066:T:C_C;16:72080103:C:T_T;16:72110275:T:C_C;16:72122767:T:G_G;16:72116024:C:T_T;16:72044144:C:T_T;16:72098230:C:T_T;16:72171122:GA:G_G;16:72147654:C:T_T;16:72185857:C:A_A;16:72193499:T:C_C;16:72120610:C:T_T;16:72012369:C:G_G;16:72011287:T:C_C;16:72013387:G:A_A;16:72014733:A:G_G;16:72121338:T:C_C;16:72107038:G:A_A;16:72119619:A:G_G
81,16:72045758:C:T_T;16:72072066:T:C_C;16:72080103:C:T_T;16:72110275:T:C_C;16:72122767:T:G_G;16:72116024:C:T_T;16:72098230:C:T_T;16:72171122:GA:G_G;16:72147654:C:T_T;16:72185857:C:A_A;16:71967622:G:C_C;16:71969178:G:T_T;16:72120610:C:T_T;16:72012369:C:G_G;16:72011287:T:C_C;16:72015900:A:T_T;16:72013387:G:A_A;16:72014733:A:G_G;16:72107038:G:A_A;16:72119619:A:G_G
82,16:72045758:C:T_T;16:72072066:T:C_C;16:72080103:C:T_T;16:72110275:T:C_C;16:72122767:T:G_G;16:72116024:C:T_T;16:72044144:C:T_T;16:72098230:C:T_T;16:72171122:GA:G_G;16:72147654:C:T_T;16:72185857:C:A_A;16:71967622:G:C_C;16:71969178:G:T_T;16:72120610:C:T_T;16:72012369:C:G_G;16:72011287:T:C_C;16:72013387:G:A_A;16:72014733:A:G_G;16:72119619:A:G_G;16:72218853:A:G_G
83,16:72045758:C:T_T;16:72072066:T:C_C;16:72080103:C:T_T;16:72110275:T:C_C;16:72122767:T:G_G;16:72116024:C:T_T;16:72044144:C:T_T;16:72098230:C:T_T;16:72171122:GA:G_G;16:72147654:C:T_T;16:72185857:C:A_A;16:72120610:C:T_T;16:72012369:C:G_G;16:72011287:T:C_C;16:72015900:A:T_T;16:72013387:G:A_A;16:72014733:A:G_G;16:72014433:T:C_C;16:72121338:T:C_C;16:72159137:G:A_A
84,16:72045758:C:T_T;16:72072066:T:C_C;16:72080103:C:T_T;16:72110275:T:C_C;16:72122767:T:G_G;16:72116024:C:T_T;16:72098230:C:T_T;16:72171122:GA:G_G;16:72147654:C:T_T;16:72185857:C:A_A;16:72193499:T:C_C;16:71967622:G:C_C;16:71969178:G:T_T;16:72120610:C:T_T;16:71973333:G:A_A;16:72012369:C:G_G;16:72011287:T:C_C;16:72119619:A:G_G;16:71928688:G:C_C;16:71927343:G:C_C
85,16:72045758:C:T_T;16:72072066:T:C_C;16:72080103:C:T_T;16:72110275:T:C_C;16:72122767:T:G_G;16:72116024:C:T_T;16:72044144:C:T_T;16:72098230:C:T_T;16:72171122:GA:G_G;16:72147654:C:T_T;16:72185857:C:A_A;16:71967622:G:C_C;16:71969178:G:T_T;16:72120610:C:T_T;16:72012369:C:G_G;16:72011287:T:C_C;16:72015900:A:T_T;16:72013387:G:A_A;16:72014733:A:G_G;16:72121338:T:C_C
86,16:72045758:C:T_T;16:72072066:T:C_C;16:72080103:C:T_T;16:72110275:T:C_C;16:72122767:T:G_G;16:72116024:C:T_T;16:72044144:C:T_T;16:72098230:C:T_T;16:72171122:GA:G_G;16:72147654:C:T_T;16:72185857:C:A_A;16:72193499:T:C_C;16:71967622:G:C_C;16:71969178:G:T_T;16:72120610:C:T_T;16:72012369:C:G_G;16:72011287:T:C_C;16:72121338:T:C_C;16:72018449:A:G_G;16:72119619:A:G_G
87,16:72045758:C:T_T;16:72072066:T:C_C;16:72080103:C:T_T;16:72110275:T:C_C;16:72122767:T:G_G;16:72116024:C:T_T;16:72044144:C:T_T;16:72098230:C:T_T;16:72171122:GA:G_G;16:72147654:C:T_T;16:72185857:C:A_A;16:72193499:T:C_C;16:72108139:G:T_T;16:72018449:A:G_G;16:71993712:G:A_A;16:71984961:G:C_C;16:71982620:G:A_A;16:71994750:G:A_A;16:71988922:A:G_G;16:71969555:T:G_G
88,16:72045758:C:T_T;16:72072066:T:C_C;16:72080103:C:T_T;16:72110275:T:C_C;16:72122767:T:G_G;16:72116024:C:T_T;16:72044144:C:T_T;16:72098230:C:T_T;16:72171122:GA:G_G;16:72147654:C:T_T;16:72185857:C:A_A;16:72193499:T:C_C;16:71967622:G:C_C;16:71969178:G:T_T;16:72120610:C:T_T;16:72121338:T:C_C;16:72159137:G:A_A;16:71993712:G:A_A;16:72218853:A:G_G;16:72209725:A:G_G
89,16:72045758:C:T_T;16:72072066:T:C_C;16:72080103:C:T_T;16:72110275:T:C_C;16:72122767:T:G_G;16:72116024:C:T_T;16:72044144:C:T_T;16:72098230:C:T_T;16:72171122:GA:G_G;16:72147654:C:T_T;16:72185857:C:A_A;16:72193499:T:C_C;16:71967622:G:C_C;16:72120610:C:T_T;16:72012369:C:G_G;16:72011287:T:C_C;16:72013387:G:A_A;16:72014733:A:G_G;16:72018449:A:G_G;16:72119619:A:G_G
90,16:72045758:C:T_T;16:72072066:T:C_C;16:72080103:C:T_T;16:72110275:T:C_C;16:72122767:T:G_G;16:72116024:C:T_T;16:72044144:C:T_T;16:72098230:C:T_T;16:72171122:GA:G_G;16:72147654:C:T_T;16:72185857:C:A_A;16:72193499:T:C_C;16:71967622:G:C_C;16:71969178:G:T_T;16:72120610:C:T_T;16:72012369:C:G_G;16:72011287:T:C_C;16:72121338:T:C_C;16:72107038:G:A_A;16:72218853:A:G_G
91,16:72045758:C:T_T;16:72072066:T:C_C;16:72080103:C:T_T;16:72110275:T:C_C;16:72122767:T:G_G;16:72116024:C:T_T;16:72044144:C:T_T;16:72098230:C:T_T;16:72171122:GA:G_G;16:72147654:C:T_T;16:72185857:C:A_A;16:72193499:T:C_C;16:71967622:G:C_C;16:71969178:G:T_T;16:72120610:C:T_T;16:72159137:G:A_A;16:71984961:G:C_C;16:71982620:G:A_A;16:71988922:A:G_G;16:71969555:T:G_G
92,16:72045758:C:T_T;16:72072066:T:C_C;16:72080103:C:T_T;16:72110275:T:C_C;16:72122767:T:G_G;16:72116024:C:T_T;16:72044144:C:T_T;16:72098230:C:T_T;16:72171122:GA:G_G;16:72147654:C:T_T;16:72185857:C:A_A;16:72193499:T:C_C;16:71967622:G:C_C;16:71969178:G:T_T;16:72120610:C:T_T;16:72012369:C:G_G;16:72011287:T:C_C;16:72107038:G:A_A;16:71984961:G:C_C;16:72119619:A:G_G
93,16:72045758:C:T_T;16:72072066:T:C_C;16:72080103:C:T_T;16:72110275:T:C_C;16:72122767:T:G_G;16:72116024:C:T_T;16:72044144:C:T_T;16:72098230:C:T_T;16:72171122:GA:G_G;16:72147654:C:T_T;16:72185857:C:A_A;16:71967622:G:C_C;16:71969178:G:T_T;16:72120610:C:T_T;16:72012369:C:G_G;16:72011287:T:C_C;16:72015900:A:T_T;16:72013387:G:A_A;16:72014733:A:G_G;16:72014433:T:C_C
94,16:72045758:C:T_T;16:72072066:T:C_C;16:72080103:C:T_T;16:72110275:T:C_C;16:72122767:T:G_G;16:72116024:C:T_T;16:72044144:C:T_T;16:72098230:C:T_T;16:72171122:GA:G_G;16:72147654:C:T_T;16:72185857:C:A_A;16:72193499:T:C_C;16:71967622:G:C_C;16:71969178:G:T_T;16:72120610:C:T_T;16:72121338:T:C_C;16:72018449:A:G_G;16:72119619:A:G_G;16:72218853:A:G_G;16:72009647:C:G_G
95,16:72045758:C:T_T;16:72072066:T:C_C;16:72080103:C:T_T;16:72110275:T:C_C;16:72122767:T:G_G;16:72116024:C:T_T;16:72044144:C:T_T;16:72098230:C:T_T;16:72171122:GA:G_G;16:72147654:C:T_T;16:72185857:C:A_A;16:72193499:T:C_C;16:72120610:C:T_T;16:72012369:C:G_G;16:72011287:T:C_C;16:72015900:A:T_T;16:72013387:G:A_A;16:72014733:A:G_G;16:72121338:T:C_C;16:72107038:G:A_A
96,16:72045758:C:T_T;16:72072066:T:C_C;16:72080103:C:T_T;16:72110275:T:C_C;16:72122767:T:G_G;16:72116024:C:T_T;16:72044144:C:T_T;16:72098230:C:T_T;16:72171122:GA:G_G;16:72147654:C:T_T;16:72185857:C:A_A;16:71967622:G:C_C;16:71969178:G:T_T;16:72120610:C:T_T;16:71973333:G:A_A;16:72012369:C:G_G;16:72011287:T:C_C;16:72121338:T:C_C;16:71928688:G:C_C;16:71927343:G:C_C
97,16:72045758:C:T_T;16:72072066:T:C_C;16:72080103:C:T_T;16:72122767:T:G_G;16:72116024:C:T_T;16:72171122:GA:G_G;16:72147654:C:T_T;16:72185857:C:A_A;16:72193499:T:C_C;16:71967622:G:C_C;16:71969178:G:T_T;16:72012369:C:G_G;16:72011287:T:C_C;16:72015900:A:T_T;16:72013387:G:A_A;16:72014733:A:G_G;16:72014433:T:C_C;16:72119619:A:G_G;16:72010339:G:C_C;16:72013271:T:C_C
98,16:72045758:C:T_T;16:72072066:T:C_C;16:72080103:C:T_T;16:72110275:T:C_C;16:72122767:T:G_G;16:72116024:C:T_T;16:72044144:C:T_T;16:72171122:GA:G_G;16:72147654:C:T_T;16:72185857:C:A_A;16:71967622:G:C_C;16:71969178:G:T_T;16:72120610:C:T_T;16:72012369:C:G_G;16:72011287:T:C_C;16:72015900:A:T_T;16:72013387:G:A_A;16:72014733:A:G_G;16:72014433:T:C_C;16:72119619:A:G_G
99,16:72045758:C:T_T;16:72072066:T:C_C;16:72080103:C:T_T;16:72110275:T:C_C;16:72122767:T:G_G;16:72116024:C:T_T;16:72044144:C:T_T;16:72098230:C:T_T;16:72171122:GA:G_G;16:72147654:C:T_T;16:72185857:C:A_A;16:72193499:T:C_C;16:72120610:C:T_T;16:72108139:G:T_T;16:72121338:T:C_C;16:71993712:G:A_A;16:71984961:G:C_C;16:71982620:G:A_A;16:72218853:A:G_G;16:72033364:A:G_G
100,16:72045758:C:T_T;16:72072066:T:C_C;16:72080103:C:T_T;16:72110275:T:C_C;16:72122767:T:G_G;16:72116024:C:T_T;16:72044144:C:T_T;16:72171122:GA:G_G;16:72147654:C:T_T;16:72185857:C:A_A;16:71967622:G:C_C;16:71969178:G:T_T;16:72120610:C:T_T;16:71973333:G:A_A;16:72012369:C:G_G;16:72011287:T:C_C;16:72014733:A:G_G;16:72121338:T:C_C;16:72159137:G:A_A;16:72119619:A:G_G
