"","rs983392","rs7933202","rs7232","rs12453","rs2081545","rs72920853","rs1582763","rs7930318","rs55777218","rs11824734","rs11824773","rs61900467","rs10792263","rs4354705","rs72924626","rs4939338","rs11827324","rs72924659"
"rs983392",1,0.882909,0.72475,0.831697,0.82288,0.120269,0.71694,0.749356,0.412485,0.417074,0.412568,0.426655,0.425497,0.423333,0.431864,0.42112,0.429352,0.337714
"rs7933202",0.882909,1,0.829611,0.945739,0.936239,0.148093,0.819777,0.85574,0.473963,0.478381,0.473884,0.488844,0.487574,0.484779,0.493943,0.481654,0.490814,0.396167
"rs7232",0.72475,0.829611,1,0.806156,0.797608,0.165562,0.68864,0.724744,0.37322,0.376856,0.373071,0.386108,0.384766,0.382424,0.390179,0.379806,0.387535,0.327729
"rs12453",0.831697,0.945739,0.806156,1,0.983336,0.15207,0.824774,0.899245,0.470739,0.476221,0.469896,0.484442,0.483892,0.482095,0.489643,0.478297,0.486878,0.395675
"rs2081545",0.82288,0.936239,0.797608,0.983336,1,0.152648,0.826953,0.910075,0.469948,0.475158,0.469765,0.484838,0.483756,0.481691,0.49004,0.478161,0.486602,0.39605
"rs72920853",0.120269,0.148093,0.165562,0.15207,0.152648,1,0.167422,0.149006,0.027298,0.0280704,0.0274321,0.0288185,0.0287372,0.0285722,0.0296091,0.0282067,0.0289438,0.00316412
"rs1582763",0.71694,0.819777,0.68864,0.824774,0.826953,0.167422,1,0.863046,0.58695,0.591633,0.586834,0.603044,0.601258,0.598089,0.608646,0.594232,0.604828,0.4661
"rs7930318",0.749356,0.85574,0.724744,0.899245,0.910075,0.149006,0.863046,1,0.519098,0.523498,0.518917,0.534524,0.533777,0.530775,0.539732,0.526377,0.536541,0.414688
"rs55777218",0.412485,0.473963,0.37322,0.470739,0.469948,0.027298,0.58695,0.519098,1,0.986549,0.994758,0.969919,0.966328,0.962804,0.961151,0.957536,0.959073,0.712917
"rs11824734",0.417074,0.478381,0.376856,0.476221,0.475158,0.0280704,0.591633,0.523498,0.986549,1,0.990795,0.965229,0.972256,0.975626,0.971758,0.969943,0.964885,0.721099
"rs11824773",0.412568,0.473884,0.373071,0.469896,0.469765,0.0274321,0.586834,0.518917,0.994758,0.990795,1,0.97488,0.966303,0.967942,0.966084,0.962278,0.959221,0.717022
"rs61900467",0.426655,0.488844,0.386108,0.484442,0.484838,0.0288185,0.603044,0.534524,0.969919,0.965229,0.97488,1,0.974264,0.975498,0.989006,0.9706,0.981138,0.733273
"rs10792263",0.425497,0.487574,0.384766,0.483892,0.483756,0.0287372,0.601258,0.533777,0.966328,0.972256,0.966303,0.974264,1,0.99562,0.982145,0.990276,0.979304,0.728305
"rs4354705",0.423333,0.484779,0.382424,0.482095,0.481691,0.0285722,0.598089,0.530775,0.962804,0.975626,0.967942,0.975498,0.99562,1,0.983571,0.993868,0.976288,0.729529
"rs72924626",0.431864,0.493943,0.390179,0.489643,0.49004,0.0296091,0.608646,0.539732,0.961151,0.971758,0.966084,0.989006,0.982145,0.983571,1,0.979817,0.990734,0.740147
"rs4939338",0.42112,0.481654,0.379806,0.478297,0.478161,0.0282067,0.594232,0.526377,0.957536,0.969943,0.962278,0.9706,0.990276,0.993868,0.979817,1,0.979297,0.730136
"rs11827324",0.429352,0.490814,0.387535,0.486878,0.486602,0.0289438,0.604828,0.536541,0.959073,0.964885,0.959221,0.981138,0.979304,0.976288,0.990734,0.979297,1,0.739808
"rs72924659",0.337714,0.396167,0.327729,0.395675,0.39605,0.00316412,0.4661,0.414688,0.712917,0.721099,0.717022,0.733273,0.728305,0.729529,0.740147,0.730136,0.739808,1
